title,price,review
Garrafa stanley aerolight fast flow 710ml original todas as cores,"R$ 326,99",5.0 (1)
GARRAFA STANLEY AEROLIGHT FAST FLOW 1.1Lt ORIGINAL TODAS AS CORES,"R$ 356,99",4.2 (6)
Garrafa Térmica Stanley Aerolight Fast Flow Lavender 710ML - STANLEY PMI,"R$ 289,97",
Garrafa Térmica Aerolight Stanley Fast Flow 710ml - Matte Black,"R$ 293,55",
"Garrafa Térmica Stanley Aerolight Fast Flow Matte Black 1,1 Litros","R$ 305,90",4.2 (6)
Garrafa Térmica Aerolight Stanley Fast Flow 710ml - Lavender,"R$ 293,55",
"Garrafa Térmica Aerolight Stanley Fast Flow 1,1L - Citron","R$ 322,05",
"Garrafa Térmica Aerolight Fast Flow Matte Black 1,1L Stanley","R$ 377,67",4.2 (6)
Stanley Garrafa Térmica Aerolight Original Fast Flow Branco Polar 710ml,"R$ 369,00",
Garrafa Térmica Stanley Aerolight Fast Flow Lavender 710ML,"R$ 278,35",
Garrafa Térmica Aerolight Stanley Fast Flow 710ml - Tigerlily,"R$ 293,55",
"Garrafa Térmica Stanley Aerolight Fast Flow Citron 1,1 Litros","R$ 305,90",
"Garrafa Térmica Stanley Aerolight Fast Flow Branco Polar 1,1 Litros","R$ 305,90",
Garrafa Térmica Stanley Aerolight Fast Flow 1.1L Verde Água,"R$ 311,00",
"Garrafa Térmica Aerolight Stanley Fast Flow 1,1L - Tigerlily","R$ 322,05",5.0 (1)
Garrafa stanley térmica aerolight fast flow em aço inox 710ml lavender 08241-00,"R$ 331,55",
"Garrafa Térmica Aerolight Stanley Fast Flow 1,1L - Polar","R$ 322,05",
Garrafa Térmica Stanley Aerolight Fast Flow 710ml Rosa Claro,"R$ 288,78",
"Garrafa stanley térmica aerolight fast flow 1,1 litros laranja tigerlily 08242-00","R$ 350,55",5.0 (1)
"Garrafa Térmica Aerolight Fast Flow Polar 1,1L Stanley","R$ 377,67",
Garrafa Térmica Aerolight Fast Flow Citron 710ml Stanley,"R$ 311,00",
"Garrafa Térmica Stanley Aerolight Fast Flow Tigerlily 1,1 Litros","R$ 305,90",5.0 (1)
Garrafa Térmica Stanley Aerolight Fast Flow Citron 710ML,"R$ 278,35",
Garrafa Térmica Aerolight Fast Flow Polar 710ml Stanley,"R$ 311,00",
Garrafa Térmica Aerolight Fast Flow Tigerlily 710ml Stanley,"R$ 311,00",
Garrafa Térmica Aerolight Fast Flow Heat Wave,"R$ 309,90",
Garrafa termica aerolight flast flow black 710ml stanley,"R$ 349,00",
Garrafa termica aerolight flast flow polar 710ml stanley,"R$ 349,00",
Garrafa Térmica Stanley Aerolight Fast Flow 710ml Verde Menta,"R$ 288,78",
Garrafa Térmica Stanley Aerolight Fast Flow 710ml Azul Claro,"R$ 288,78",
Garrafa Térmica Stanley Aerolight Fast Flow 710ml Lilás,"R$ 288,78",
Garrafa Térmica Stanley Aerolight Fast Flow 710ml Verde Água,"R$ 288,78",
Garrafa Térmica Stanley Aerolight Fast Flow 710ml Verde Limão,"R$ 288,78",
Garrafa Térmica Aerolight Fast Flow Heat Wave,"R$ 309,90",
"Garrafa stanley térmica aerolight fast flow 1,1 litros verde citron 08208-00","R$ 350,55",
"Garrafa stanley térmica aerolight fast flow 1,1 litros azul tropical teal 08408-00","R$ 350,55",
"Garrafa stanley térmica aerolight fast flow 1,1 litros branco polar 08207-00","R$ 350,55",
"Garrafa Térmica Aerolight Fast Flow 1,1L - Stanley","R$ 487,00",
Garrafa Térmica Aerolight Fast Flow Stanley 710ML,"R$ 395,91",
Garrafa Térmica Stanley Aerolight Fast Flow 710ml Preta,"R$ 288,78",
Garrafa Térmica Aerolight Fast Flow Heat Wave Passion Pink 710ML Stanley,"R$ 329,90",
Garrafa Térmica Stanley Aerolight Fast Flow Branco Polar 710ML,"R$ 278,35",
Garrafa Térmica Stanley Aerolight Flow - 710ml,"R$ 313,41",
Garrafa Termica Stanley 710ml Aerolight Fast Flow Original,"R$ 321,11",
"Garrafa Térmica Stanley Aerolight Fast Flow Original Laranja Tigerlily 1,1 L","R$ 379,00",5.0 (1)
Garrafa stanley térmica aerolight fast flow em aço inox 710ml vivid violet 08405-00,"R$ 331,55",
Garrafa Térmica Aerolight Fast Flow Stanley Citron 710 Ml,"R$ 365,00",
"Garrafa Térmica Stanley Aerolight Fast Flow Citron 1,1 Litros - STANLEY PMI","R$ 386,48",
Garrafa stanley térmica aerolight fast flow 710ml matte black 08202-00,"R$ 331,55",
"Garrafa Térmica Aerolight Laranja Fast Flow Tigerlily 1,1L Stanley","R$ 369,90",5.0 (1)
Garrafa Térmica Stanley Aerolight Fast Flow 710ml Laranja,"R$ 288,78",
"Garrafa stanley térmica aerolight fast flow 1,1 litros rosa vivid violet 08407-00","R$ 350,55",
Garrafa Térmica Aerolight Fast Flow Heat Wave Rose Quartz Glow 710ML Stanley,"R$ 329,90",
Garrafa Térmica Stanley Aerolight Fast Flow Branco Polar 710ML - STANLEY PMI,"R$ 389,00",
Garrafa stanley térmica aerolight fast flow em aço inox 710ml azul tropical teal 08406-00,"R$ 331,55",
Garrafa Térmica Stanley Aerolight Fast Flow 710ml Branca,"R$ 288,78",
Garrafa stanley térmica aerolight fast flow em aço inox 710ml laranja tigerlily 08204-00,"R$ 331,55",
Garrafa Térmica Stanley IceFlow Aerolight Fast Flow 700ml - Cinza,"R$ 449,54",
"Garrafa Térmica STanley Aerolight Fast Flow 1,1L","R$ 395,89",
GARRAFA STANLEY AEROLIGHT FAST FLOW 1.1Lt ORIGINAL TODAS AS CORES,"R$ 356,99",4.2 (6)
Garrafa stanley aerolight fast flow 710ml original todas as cores,"R$ 326,99",5.0 (1)
"Garrafa Térmica Aerolight Stanley Fast Flow 1,1L - Tigerlily","R$ 322,05",5.0 (1)
Garrafa Térmica Stanley Aerolight Fast Flow Lavender 710ML - STANLEY PMI,"R$ 289,97",
Garrafa Térmica Stanley Aerolight Fast Flow 1.1L Pink,"R$ 311,00",
Garrafa Térmica Aerolight Stanley Fast Flow 710ml - Matte Black,"R$ 293,55",
Stanley Garrafa Térmica Aerolight Original Fast Flow Branco Polar 710ml,"R$ 369,00",
Garrafa stanley térmica aerolight fast flow em aço inox 710ml lavender 08241-00,"R$ 331,55",
"Garrafa Térmica Aerolight Fast Flow Matte Black 1,1L Stanley","R$ 377,67",4.2 (6)
Garrafa Térmica Aerolight Stanley Fast Flow 710ml - Lavender,"R$ 293,55",
"Garrafa Térmica Stanley Aerolight Fast Flow Tigerlily 1,1 Litros","R$ 305,90",5.0 (1)
Garrafa Térmica Stanley Aerolight Fast Flow 710ml Preta,"R$ 288,78",
Garrafa Térmica Stanley Aerolight Fast Flow 1.1L Verde Água,"R$ 311,00",
"Garrafa Térmica Stanley Aerolight Fast Flow Citron 1,1 Litros","R$ 305,90",
"Garrafa Térmica Stanley Aerolight Fast Flow Matte Black 1,1 Litros","R$ 305,90",4.2 (6)
"Garrafa Térmica Aerolight Laranja Fast Flow Tigerlily 1,1L Stanley","R$ 369,90",5.0 (1)
"Garrafa Térmica Aerolight Stanley Fast Flow 1,1L - Polar","R$ 322,05",
Garrafa Térmica Stanley Aerolight Fast Flow 710ml Lilás,"R$ 288,78",
Garrafa Térmica Stanley Aerolight Fast Flow Branco Polar 710ML,"R$ 278,35",
Garrafa Térmica Stanley Aerolight Fast Flow 710ml Rosa Claro,"R$ 288,78",
"Garrafa stanley térmica aerolight fast flow 1,1 litros laranja tigerlily 08242-00","R$ 350,55",5.0 (1)
"Garrafa Térmica Stanley Aerolight Fast Flow Branco Polar 1,1 Litros","R$ 305,90",
Garrafa stanley térmica aerolight fast flow em aço inox 710ml vivid violet 08405-00,"R$ 331,55",
"Garrafa Térmica Stanley Aerolight Fast Flow Branco Polar 1,1 Litros - STANLEY PMI","R$ 399,00",
Garrafa Térmica Stanley Aerolight Fast Flow 710ml Azul Claro,"R$ 288,78",
"Garrafa Térmica Stanley Aerolight Fast Flow Citron 1,1 Litros - STANLEY PMI","R$ 386,48",
Garrafa Térmica Stanley Aerolight Fast Flow 710ml Branca,"R$ 288,78",
Garrafa Térmica Aerolight Fast Flow Heat Wave,"R$ 309,90",
Garrafa Térmica Stanley Aerolight Fast Flow Lavender 710ML - STANLEY PMI,"R$ 389,00",
Garrafa Térmica Stanley Aerolight Fast Flow Lavender 710ML,"R$ 278,35",
Garrafa Térmica Stanley Aerolight Fast Flow 710ml Verde Água,"R$ 288,78",
Garrafa Térmica Stanley Aerolight Fast Flow Citron 710ML,"R$ 278,35",
Garrafa Térmica Aerolight Fast Flow Tigerlily 710ml Stanley,"R$ 311,00",
Garrafa Térmica Aerolight Fast Flow Polar 710ml Stanley,"R$ 311,00",
Garrafa Térmica Stanley Aerolight Fast Flow 710ml Laranja,"R$ 288,78",
"Garrafa Térmica Stanley Aerolight Fast Flow Original Laranja Tigerlily 1,1 L","R$ 379,00",5.0 (1)
Garrafa Térmica Stanley Aerolight Fast Flow 710 ML Azul 0838,"R$ 369,90",
"Garrafa Térmica Stanley Aerolight Fast Flow Citron 1,1 Litros - STANLEY PMI","R$ 385,90",
Garrafa Térmica Aerolight Fast Flow Heat Wave,"R$ 309,90",
"Garrafa Térmica Stanley Aerolight Fast Flow Citron 1,1 Litros - STANLEY PMI","R$ 489,00",
"Garrafa Térmica Stanley Aerolight Fast Flow Citron 1,1 Litros - STANLEY PMI","R$ 399,00",
"Garrafa Térmica Stanley Aerolight Fast Flow Branco Polar 1,1 Litros - STANLEY PMI","R$ 385,90",
Garrafa Térmica Stanley Aerolight Fast Flow 0.7L Verde 08205,"R$ 351,41",
Garrafa stanley térmica aerolight fast flow em aço inox 710ml passion pink 08404-00,"R$ 331,55",
"Garrafa Térmica Aerolight Fast Flow Polar 1,1L Stanley","R$ 377,67",
Garrafa Térmica Stanley Aerolight Fast Flow Citron 710ML - STANLEY PMI,"R$ 419,90",
Garrafa Térmica Aerolight Fast Flow Citron 710ml Stanley,"R$ 311,00",
"Garrafa Térmica STanley Aerolight Fast Flow 1,1L","R$ 395,89",
"Garrafa termica stanley aerolight fast flow tigerlily 1,1l cod8208 cx6","R$ 434,37",5.0 (1)
Garrafa stanley térmica aerolight fast flow 710ml matte black 08202-00,"R$ 331,55",
Garrafa Térmica Stanley Aerolight Fast Flow Branco Polar 710,"R$ 361,00",
Garrafa Térmica Stanley Aerolight Fast Flow Lavender 710ML - STANLEY PMI,"R$ 399,00",
Garrafa Térmica Aerolight Fast Flow Heat Wave Passion Pink 710ML Stanley,"R$ 329,90",
Garrafa Térmica Aerolight Fast Flow Stanley Citron 710 Ml,"R$ 365,00",
"Garrafa stanley térmica aerolight fast flow 1,1 litros branco polar 08207-00","R$ 350,55",
